classifier,time_took,accuracy
Logistic Regression,3.3221182823181152,0.8825806451612903
Support Vector Machine,81.33464074134827,0.8825806451612903
Navie Bayes,1.372330904006958,0.7187096774193549
K-Nearest Neighbor,23.648792266845703,0.5574193548387096
Random Forest,2.725750684738159,0.8709677419354839
Decision Tree,10.287529706954958,0.8658064516129033
